"orderid","customerid","employeeid","orderdate","requireddate","shippeddate","shipperid","freight"
10248,"VINET",5,"2013-07-04","2013-08-01","2013-07-16",3,"32.38000"
10249,"TOMSP",6,"2013-07-05","2013-08-16","2013-07-10",1,"11.61000"
10250,"HANAR",4,"2013-07-08","2013-08-05","2013-07-12",2,"65.83000"
10251,"VICTE",3,"2013-07-08","2013-08-05","2013-07-15",1,"41.34000"
10252,"SUPRD",4,"2013-07-09","2013-08-06","2013-07-11",2,"51.30000"
10253,"HANAR",3,"2013-07-10","2013-07-24","2013-07-16",2,"58.17000"
10254,"CHOPS",5,"2013-07-11","2013-08-08","2013-07-23",2,"22.98000"
10255,"RICSU",9,"2013-07-12","2013-08-09","2013-07-15",3,"148.33000"
10256,"WELLI",3,"2013-07-15","2013-08-12","2013-07-17",2,"13.97000"
10257,"HILAA",4,"2013-07-16","2013-08-13","2013-07-22",3,"81.91000"
10258,"ERNSH",1,"2013-07-17","2013-08-14","2013-07-23",1,"140.51000"
10259,"CENTC",4,"2013-07-18","2013-08-15","2013-07-25",3,"3.25000"
10260,"OTTIK",4,"2013-07-19","2013-08-16","2013-07-29",1,"55.09000"
10261,"QUEDE",4,"2013-07-19","2013-08-16","2013-07-30",2,"3.05000"
10262,"RATTC",8,"2013-07-22","2013-08-19","2013-07-25",3,"48.29000"
10263,"ERNSH",9,"2013-07-23","2013-08-20","2013-07-31",3,"146.06000"
10264,"FOLKO",6,"2013-07-24","2013-08-21","2013-08-23",3,"3.67000"
10265,"BLONP",2,"2013-07-25","2013-08-22","2013-08-12",1,"55.28000"
10266,"WARTH",3,"2013-07-26","2013-09-06","2013-07-31",3,"25.73000"
10267,"FRANK",4,"2013-07-29","2013-08-26","2013-08-06",1,"208.58000"
10268,"GROSR",8,"2013-07-30","2013-08-27","2013-08-02",3,"66.29000"
10269,"WHITC",5,"2013-07-31","2013-08-14","2013-08-09",1,"4.56000"
10270,"WARTH",1,"2013-08-01","2013-08-29","2013-08-02",1,"136.54000"
10271,"SPLIR",6,"2013-08-01","2013-08-29","2013-08-30",2,"4.54000"
10272,"RATTC",6,"2013-08-02","2013-08-30","2013-08-06",2,"98.03000"
10273,"QUICK",3,"2013-08-05","2013-09-02","2013-08-12",3,"76.07000"
10274,"VINET",6,"2013-08-06","2013-09-03","2013-08-16",1,"6.01000"
10275,"MAGAA",1,"2013-08-07","2013-09-04","2013-08-09",1,"26.93000"
10276,"TORTU",8,"2013-08-08","2013-08-22","2013-08-14",3,"13.84000"
10277,"MORGK",2,"2013-08-09","2013-09-06","2013-08-13",3,"125.77000"
10278,"BERGS",8,"2013-08-12","2013-09-09","2013-08-16",2,"92.69000"
10279,"LEHMS",8,"2013-08-13","2013-09-10","2013-08-16",2,"25.83000"
10280,"BERGS",2,"2013-08-14","2013-09-11","2013-09-12",1,"8.98000"
10281,"ROMEY",4,"2013-08-14","2013-08-28","2013-08-21",1,"2.94000"
10282,"ROMEY",4,"2013-08-15","2013-09-12","2013-08-21",1,"12.69000"
10283,"LILAS",3,"2013-08-16","2013-09-13","2013-08-23",3,"84.81000"
10284,"LEHMS",4,"2013-08-19","2013-09-16","2013-08-27",1,"76.56000"
10285,"QUICK",1,"2013-08-20","2013-09-17","2013-08-26",2,"76.83000"
10286,"QUICK",8,"2013-08-21","2013-09-18","2013-08-30",3,"229.24000"
10287,"RICAR",8,"2013-08-22","2013-09-19","2013-08-28",3,"12.76000"
10288,"REGGC",4,"2013-08-23","2013-09-20","2013-09-03",1,"7.45000"
10289,"BSBEV",7,"2013-08-26","2013-09-23","2013-08-28",3,"22.77000"
10290,"COMMI",8,"2013-08-27","2013-09-24","2013-09-03",1,"79.70000"
10291,"QUEDE",6,"2013-08-27","2013-09-24","2013-09-04",2,"6.40000"
10292,"TRADH",1,"2013-08-28","2013-09-25","2013-09-02",2,"1.35000"
10293,"TORTU",1,"2013-08-29","2013-09-26","2013-09-11",3,"21.18000"
10294,"RATTC",4,"2013-08-30","2013-09-27","2013-09-05",2,"147.26000"
10295,"VINET",2,"2013-09-02","2013-09-30","2013-09-10",2,"1.15000"
10296,"LILAS",6,"2013-09-03","2013-10-01","2013-09-11",1,"0.12000"
10297,"BLONP",5,"2013-09-04","2013-10-16","2013-09-10",2,"5.74000"
10298,"HUNGO",6,"2013-09-05","2013-10-03","2013-09-11",2,"168.22000"
10299,"RICAR",4,"2013-09-06","2013-10-04","2013-09-13",2,"29.76000"
10300,"MAGAA",2,"2013-09-09","2013-10-07","2013-09-18",2,"17.68000"
10301,"WANDK",8,"2013-09-09","2013-10-07","2013-09-17",2,"45.08000"
10302,"SUPRD",4,"2013-09-10","2013-10-08","2013-10-09",2,"6.27000"
10303,"GODOS",7,"2013-09-11","2013-10-09","2013-09-18",2,"107.83000"
10304,"TORTU",1,"2013-09-12","2013-10-10","2013-09-17",2,"63.79000"
10305,"OLDWO",8,"2013-09-13","2013-10-11","2013-10-09",3,"257.62000"
10306,"ROMEY",1,"2013-09-16","2013-10-14","2013-09-23",3,"7.56000"
10307,"LONEP",2,"2013-09-17","2013-10-15","2013-09-25",2,"0.56000"
10308,"ANATR",7,"2013-09-18","2013-10-16","2013-09-24",3,"1.61000"
10309,"HUNGO",3,"2013-09-19","2013-10-17","2013-10-23",1,"47.30000"
10310,"THEBI",8,"2013-09-20","2013-10-18","2013-09-27",2,"17.52000"
10311,"DUMON",1,"2013-09-20","2013-10-04","2013-09-26",3,"24.69000"
10312,"WANDK",2,"2013-09-23","2013-10-21","2013-10-03",2,"40.26000"
10313,"QUICK",2,"2013-09-24","2013-10-22","2013-10-04",2,"1.96000"
10314,"RATTC",1,"2013-09-25","2013-10-23","2013-10-04",2,"74.16000"
10315,"ISLAT",4,"2013-09-26","2013-10-24","2013-10-03",2,"41.76000"
10316,"RATTC",1,"2013-09-27","2013-10-25","2013-10-08",3,"150.15000"
10317,"LONEP",6,"2013-09-30","2013-10-28","2013-10-10",1,"12.69000"
10318,"ISLAT",8,"2013-10-01","2013-10-29","2013-10-04",2,"4.73000"
10319,"TORTU",7,"2013-10-02","2013-10-30","2013-10-11",3,"64.50000"
10320,"WARTH",5,"2013-10-03","2013-10-17","2013-10-18",3,"34.57000"
10321,"ISLAT",3,"2013-10-03","2013-10-31","2013-10-11",2,"3.43000"
10322,"PERIC",7,"2013-10-04","2013-11-01","2013-10-23",3,"0.40000"
10323,"KOENE",4,"2013-10-07","2013-11-04","2013-10-14",1,"4.88000"
10324,"SAVEA",9,"2013-10-08","2013-11-05","2013-10-10",1,"214.27000"
10325,"KOENE",1,"2013-10-09","2013-10-23","2013-10-14",3,"64.86000"
10326,"BOLID",4,"2013-10-10","2013-11-07","2013-10-14",2,"77.92000"
10327,"FOLKO",2,"2013-10-11","2013-11-08","2013-10-14",1,"63.36000"
10328,"FURIB",4,"2013-10-14","2013-11-11","2013-10-17",3,"87.03000"
10329,"SPLIR",4,"2013-10-15","2013-11-26","2013-10-23",2,"191.67000"
10330,"LILAS",3,"2013-10-16","2013-11-13","2013-10-28",1,"12.75000"
10331,"BONAP",9,"2013-10-16","2013-11-27","2013-10-21",1,"10.19000"
10332,"MEREP",3,"2013-10-17","2013-11-28","2013-10-21",2,"52.84000"
10333,"WARTH",5,"2013-10-18","2013-11-15","2013-10-25",3,"0.59000"
10334,"VICTE",8,"2013-10-21","2013-11-18","2013-10-28",2,"8.56000"
10335,"HUNGO",7,"2013-10-22","2013-11-19","2013-10-24",2,"42.11000"
10336,"PRINI",7,"2013-10-23","2013-11-20","2013-10-25",2,"15.51000"
10337,"FRANK",4,"2013-10-24","2013-11-21","2013-10-29",3,"108.26000"
10338,"OLDWO",4,"2013-10-25","2013-11-22","2013-10-29",3,"84.21000"
10339,"MEREP",2,"2013-10-28","2013-11-25","2013-11-04",2,"15.66000"
10340,"BONAP",1,"2013-10-29","2013-11-26","2013-11-08",3,"166.31000"
10341,"SIMOB",7,"2013-10-29","2013-11-26","2013-11-05",3,"26.78000"
10342,"FRANK",4,"2013-10-30","2013-11-13","2013-11-04",2,"54.83000"
10343,"LEHMS",4,"2013-10-31","2013-11-28","2013-11-06",1,"110.37000"
10344,"WHITC",4,"2013-11-01","2013-11-29","2013-11-05",2,"23.29000"
10345,"QUICK",2,"2013-11-04","2013-12-02","2013-11-11",2,"249.06000"
10346,"RATTC",3,"2013-11-05","2013-12-17","2013-11-08",3,"142.08000"
10347,"FAMIA",4,"2013-11-06","2013-12-04","2013-11-08",3,"3.10000"
10348,"WANDK",4,"2013-11-07","2013-12-05","2013-11-15",2,"0.78000"
10349,"SPLIR",7,"2013-11-08","2013-12-06","2013-11-15",1,"8.63000"
10350,"LAMAI",6,"2013-11-11","2013-12-09","2013-12-03",2,"64.19000"
10351,"ERNSH",1,"2013-11-11","2013-12-09","2013-11-20",1,"162.33000"
10352,"FURIB",3,"2013-11-12","2013-11-26","2013-11-18",3,"1.30000"
10353,"PICCO",7,"2013-11-13","2013-12-11","2013-11-25",3,"360.63000"
10354,"PERIC",8,"2013-11-14","2013-12-12","2013-11-20",3,"53.80000"
10355,"AROUT",6,"2013-11-15","2013-12-13","2013-11-20",1,"41.95000"
10356,"WANDK",6,"2013-11-18","2013-12-16","2013-11-27",2,"36.71000"
10357,"LILAS",1,"2013-11-19","2013-12-17","2013-12-02",3,"34.88000"
10358,"LAMAI",5,"2013-11-20","2013-12-18","2013-11-27",1,"19.64000"
10359,"SEVES",5,"2013-11-21","2013-12-19","2013-11-26",3,"288.43000"
10360,"BLONP",4,"2013-11-22","2013-12-20","2013-12-02",3,"131.70000"
10361,"QUICK",1,"2013-11-22","2013-12-20","2013-12-03",2,"183.17000"
10362,"BONAP",3,"2013-11-25","2013-12-23","2013-11-28",1,"96.04000"
10363,"DRACD",4,"2013-11-26","2013-12-24","2013-12-04",3,"30.54000"
10364,"EASTC",1,"2013-11-26","2014-01-07","2013-12-04",1,"71.97000"
10365,"ANTON",3,"2013-11-27","2013-12-25","2013-12-02",2,"22.00000"
10366,"GALED",8,"2013-11-28","2014-01-09","2013-12-30",2,"10.14000"
10367,"VAFFE",7,"2013-11-28","2013-12-26","2013-12-02",3,"13.55000"
10368,"ERNSH",2,"2013-11-29","2013-12-27","2013-12-02",2,"101.95000"
10369,"SPLIR",8,"2013-12-02","2013-12-30","2013-12-09",2,"195.68000"
10370,"CHOPS",6,"2013-12-03","2013-12-31","2013-12-27",2,"1.17000"
10371,"LAMAI",1,"2013-12-03","2013-12-31","2013-12-24",1,"0.45000"
10372,"QUEEN",5,"2013-12-04","2014-01-01","2013-12-09",2,"890.78000"
10373,"HUNGO",4,"2013-12-05","2014-01-02","2013-12-11",3,"124.12000"
10374,"WOLZA",1,"2013-12-05","2014-01-02","2013-12-09",3,"3.94000"
10375,"HUNGC",3,"2013-12-06","2014-01-03","2013-12-09",2,"20.12000"
10376,"MEREP",1,"2013-12-09","2014-01-06","2013-12-13",2,"20.39000"
10377,"SEVES",1,"2013-12-09","2014-01-06","2013-12-13",3,"22.21000"
10378,"FOLKO",5,"2013-12-10","2014-01-07","2013-12-19",3,"5.44000"
10379,"QUEDE",2,"2013-12-11","2014-01-08","2013-12-13",1,"45.03000"
10380,"HUNGO",8,"2013-12-12","2014-01-09","2014-01-16",3,"35.03000"
10381,"LILAS",3,"2013-12-12","2014-01-09","2013-12-13",3,"7.99000"
10382,"ERNSH",4,"2013-12-13","2014-01-10","2013-12-16",1,"94.77000"
10383,"AROUT",8,"2013-12-16","2014-01-13","2013-12-18",3,"34.24000"
10384,"BERGS",3,"2013-12-16","2014-01-13","2013-12-20",3,"168.64000"
10385,"SPLIR",1,"2013-12-17","2014-01-14","2013-12-23",2,"30.96000"
10386,"FAMIA",9,"2013-12-18","2014-01-01","2013-12-25",3,"13.99000"
10387,"SANTG",1,"2013-12-18","2014-01-15","2013-12-20",2,"93.63000"
10388,"SEVES",2,"2013-12-19","2014-01-16","2013-12-20",1,"34.86000"
10389,"BOTTM",4,"2013-12-20","2014-01-17","2013-12-24",2,"47.42000"
10390,"ERNSH",6,"2013-12-23","2014-01-20","2013-12-26",1,"126.38000"
10391,"DRACD",3,"2013-12-23","2014-01-20","2013-12-31",3,"5.45000"
10392,"PICCO",2,"2013-12-24","2014-01-21","2014-01-01",3,"122.46000"
10393,"SAVEA",1,"2013-12-25","2014-01-22","2014-01-03",3,"126.56000"
10394,"HUNGC",1,"2013-12-25","2014-01-22","2014-01-03",3,"30.34000"
10395,"HILAA",6,"2013-12-26","2014-01-23","2014-01-03",1,"184.41000"
10396,"FRANK",1,"2013-12-27","2014-01-10","2014-01-06",3,"135.35000"
10397,"PRINI",5,"2013-12-27","2014-01-24","2014-01-02",1,"60.26000"
10398,"SAVEA",2,"2013-12-30","2014-01-27","2014-01-09",3,"89.16000"
10399,"VAFFE",8,"2013-12-31","2014-01-14","2014-01-08",3,"27.36000"
10400,"EASTC",1,"2014-01-01","2014-01-29","2014-01-16",3,"83.93000"
10401,"RATTC",1,"2014-01-01","2014-01-29","2014-01-10",1,"12.51000"
10402,"ERNSH",8,"2014-01-02","2014-02-13","2014-01-10",2,"67.88000"
10403,"ERNSH",4,"2014-01-03","2014-01-31","2014-01-09",3,"73.79000"
10404,"MAGAA",2,"2014-01-03","2014-01-31","2014-01-08",1,"155.97000"
10405,"LINOD",1,"2014-01-06","2014-02-03","2014-01-22",1,"34.82000"
10406,"QUEEN",7,"2014-01-07","2014-02-18","2014-01-13",1,"108.04000"
10407,"OTTIK",2,"2014-01-07","2014-02-04","2014-01-30",2,"91.48000"
10408,"FOLIG",8,"2014-01-08","2014-02-05","2014-01-14",1,"11.26000"
10409,"OCEAN",3,"2014-01-09","2014-02-06","2014-01-14",1,"29.83000"
10410,"BOTTM",3,"2014-01-10","2014-02-07","2014-01-15",3,"2.40000"
10411,"BOTTM",9,"2014-01-10","2014-02-07","2014-01-21",3,"23.65000"
10412,"WARTH",8,"2014-01-13","2014-02-10","2014-01-15",2,"3.77000"
10413,"LAMAI",3,"2014-01-14","2014-02-11","2014-01-16",2,"95.66000"
10414,"FAMIA",2,"2014-01-14","2014-02-11","2014-01-17",3,"21.48000"
10415,"HUNGC",3,"2014-01-15","2014-02-12","2014-01-24",1,"0.20000"
10416,"WARTH",8,"2014-01-16","2014-02-13","2014-01-27",3,"22.72000"
10417,"SIMOB",4,"2014-01-16","2014-02-13","2014-01-28",3,"70.29000"
10418,"QUICK",4,"2014-01-17","2014-02-14","2014-01-24",1,"17.55000"
10419,"RICSU",4,"2014-01-20","2014-02-17","2014-01-30",2,"137.35000"
10420,"WELLI",3,"2014-01-21","2014-02-18","2014-01-27",1,"44.12000"
10421,"QUEDE",8,"2014-01-21","2014-03-04","2014-01-27",1,"99.23000"
10422,"FRANS",2,"2014-01-22","2014-02-19","2014-01-31",1,"3.02000"
10423,"GOURL",6,"2014-01-23","2014-02-06","2014-02-24",3,"24.50000"
10424,"MEREP",7,"2014-01-23","2014-02-20","2014-01-27",2,"370.61000"
10425,"LAMAI",6,"2014-01-24","2014-02-21","2014-02-14",2,"7.93000"
10426,"GALED",4,"2014-01-27","2014-02-24","2014-02-06",1,"18.69000"
10427,"PICCO",4,"2014-01-27","2014-02-24","2014-03-03",2,"31.29000"
10428,"REGGC",7,"2014-01-28","2014-02-25","2014-02-04",1,"11.09000"
10429,"HUNGO",3,"2014-01-29","2014-03-12","2014-02-07",2,"56.63000"
10430,"ERNSH",4,"2014-01-30","2014-02-13","2014-02-03",1,"458.78000"
10431,"BOTTM",4,"2014-01-30","2014-02-13","2014-02-07",2,"44.17000"
10432,"SPLIR",3,"2014-01-31","2014-02-14","2014-02-07",2,"4.34000"
10433,"PRINI",3,"2014-02-03","2014-03-03","2014-03-04",3,"73.83000"
10434,"FOLKO",3,"2014-02-03","2014-03-03","2014-02-13",2,"17.92000"
10435,"CONSH",8,"2014-02-04","2014-03-18","2014-02-07",2,"9.21000"
10436,"BLONP",3,"2014-02-05","2014-03-05","2014-02-11",2,"156.66000"
10437,"WARTH",8,"2014-02-05","2014-03-05","2014-02-12",1,"19.97000"
10438,"TOMSP",3,"2014-02-06","2014-03-06","2014-02-14",2,"8.24000"
10439,"MEREP",6,"2014-02-07","2014-03-07","2014-02-10",3,"4.07000"
10440,"SAVEA",4,"2014-02-10","2014-03-10","2014-02-28",2,"86.53000"
10441,"OLDWO",3,"2014-02-10","2014-03-24","2014-03-14",2,"73.02000"
10442,"ERNSH",3,"2014-02-11","2014-03-11","2014-02-18",2,"47.94000"
10443,"REGGC",8,"2014-02-12","2014-03-12","2014-02-14",1,"13.95000"
10444,"BERGS",3,"2014-02-12","2014-03-12","2014-02-21",3,"3.50000"
10445,"BERGS",3,"2014-02-13","2014-03-13","2014-02-20",1,"9.30000"
10446,"TOMSP",6,"2014-02-14","2014-03-14","2014-02-19",1,"14.68000"
10447,"RICAR",4,"2014-02-14","2014-03-14","2014-03-07",2,"68.66000"
10448,"RANCH",4,"2014-02-17","2014-03-17","2014-02-24",2,"38.82000"
10449,"BLONP",3,"2014-02-18","2014-03-18","2014-02-27",2,"53.30000"
10450,"VICTE",8,"2014-02-19","2014-03-19","2014-03-11",2,"7.23000"
10451,"QUICK",4,"2014-02-19","2014-03-05","2014-03-12",3,"189.09000"
10452,"SAVEA",8,"2014-02-20","2014-03-20","2014-02-26",1,"140.26000"
10453,"AROUT",1,"2014-02-21","2014-03-21","2014-02-26",2,"25.36000"
10454,"LAMAI",4,"2014-02-21","2014-03-21","2014-02-25",3,"2.74000"
10455,"WARTH",8,"2014-02-24","2014-04-07","2014-03-03",2,"180.45000"
10456,"KOENE",8,"2014-02-25","2014-04-08","2014-02-28",2,"8.12000"
10457,"KOENE",2,"2014-02-25","2014-03-25","2014-03-03",1,"11.57000"
10458,"SUPRD",7,"2014-02-26","2014-03-26","2014-03-04",3,"147.06000"
10459,"VICTE",4,"2014-02-27","2014-03-27","2014-02-28",2,"25.09000"
10460,"FOLKO",8,"2014-02-28","2014-03-28","2014-03-03",1,"16.27000"
10461,"LILAS",1,"2014-02-28","2014-03-28","2014-03-05",3,"148.61000"
10462,"CONSH",2,"2014-03-03","2014-03-31","2014-03-18",1,"6.17000"
10463,"SUPRD",5,"2014-03-04","2014-04-01","2014-03-06",3,"14.78000"
10464,"FURIB",4,"2014-03-04","2014-04-01","2014-03-14",2,"89.00000"
10465,"VAFFE",1,"2014-03-05","2014-04-02","2014-03-14",3,"145.04000"
10466,"COMMI",4,"2014-03-06","2014-04-03","2014-03-13",1,"11.93000"
10467,"MAGAA",8,"2014-03-06","2014-04-03","2014-03-11",2,"4.93000"
10468,"KOENE",3,"2014-03-07","2014-04-04","2014-03-12",3,"44.12000"
10469,"WHITC",1,"2014-03-10","2014-04-07","2014-03-14",1,"60.18000"
10470,"BONAP",4,"2014-03-11","2014-04-08","2014-03-14",2,"64.56000"
10471,"BSBEV",2,"2014-03-11","2014-04-08","2014-03-18",3,"45.59000"
10472,"SEVES",8,"2014-03-12","2014-04-09","2014-03-19",1,"4.20000"
10473,"ISLAT",1,"2014-03-13","2014-03-27","2014-03-21",3,"16.37000"
10474,"PERIC",5,"2014-03-13","2014-04-10","2014-03-21",2,"83.49000"
10475,"SUPRD",9,"2014-03-14","2014-04-11","2014-04-04",1,"68.52000"
10476,"HILAA",8,"2014-03-17","2014-04-14","2014-03-24",3,"4.41000"
10477,"PRINI",5,"2014-03-17","2014-04-14","2014-03-25",2,"13.02000"
10478,"VICTE",2,"2014-03-18","2014-04-01","2014-03-26",3,"4.81000"
10479,"RATTC",3,"2014-03-19","2014-04-16","2014-03-21",3,"708.95000"
10480,"FOLIG",6,"2014-03-20","2014-04-17","2014-03-24",2,"1.35000"
10481,"RICAR",8,"2014-03-20","2014-04-17","2014-03-25",2,"64.33000"
10482,"LAZYK",1,"2014-03-21","2014-04-18","2014-04-10",3,"7.48000"
10483,"WHITC",7,"2014-03-24","2014-04-21","2014-04-25",2,"15.28000"
10484,"BSBEV",3,"2014-03-24","2014-04-21","2014-04-01",3,"6.88000"
10485,"LINOD",4,"2014-03-25","2014-04-08","2014-03-31",2,"64.45000"
10486,"HILAA",1,"2014-03-26","2014-04-23","2014-04-02",2,"30.53000"
10487,"QUEEN",2,"2014-03-26","2014-04-23","2014-03-28",2,"71.07000"
10488,"FRANK",8,"2014-03-27","2014-04-24","2014-04-02",2,"4.93000"
10489,"PICCO",6,"2014-03-28","2014-04-25","2014-04-09",2,"5.29000"
10490,"HILAA",7,"2014-03-31","2014-04-28","2014-04-03",2,"210.19000"
10491,"FURIB",8,"2014-03-31","2014-04-28","2014-04-08",3,"16.96000"
10492,"BOTTM",3,"2014-04-01","2014-04-29","2014-04-11",1,"62.89000"
10493,"LAMAI",4,"2014-04-02","2014-04-30","2014-04-10",3,"10.64000"
10494,"COMMI",4,"2014-04-02","2014-04-30","2014-04-09",2,"65.99000"
10495,"LAUGB",3,"2014-04-03","2014-05-01","2014-04-11",3,"4.65000"
10496,"TRADH",7,"2014-04-04","2014-05-02","2014-04-07",2,"46.77000"
10497,"LEHMS",7,"2014-04-04","2014-05-02","2014-04-07",1,"36.21000"
10498,"HILAA",8,"2014-04-07","2014-05-05","2014-04-11",2,"29.75000"
10499,"LILAS",4,"2014-04-08","2014-05-06","2014-04-16",2,"102.02000"
10500,"LAMAI",6,"2014-04-09","2014-05-07","2014-04-17",1,"42.68000"
10501,"BLAUS",9,"2014-04-09","2014-05-07","2014-04-16",3,"8.85000"
10502,"PERIC",2,"2014-04-10","2014-05-08","2014-04-29",1,"69.32000"
10503,"HUNGO",6,"2014-04-11","2014-05-09","2014-04-16",2,"16.74000"
10504,"WHITC",4,"2014-04-11","2014-05-09","2014-04-18",3,"59.13000"
10505,"MEREP",3,"2014-04-14","2014-05-12","2014-04-21",3,"7.13000"
10506,"KOENE",9,"2014-04-15","2014-05-13","2014-05-02",2,"21.19000"
10507,"ANTON",7,"2014-04-15","2014-05-13","2014-04-22",1,"47.45000"
10508,"OTTIK",1,"2014-04-16","2014-05-14","2014-05-13",2,"4.99000"
10509,"BLAUS",4,"2014-04-17","2014-05-15","2014-04-29",1,"0.15000"
10510,"SAVEA",6,"2014-04-18","2014-05-16","2014-04-28",3,"367.63000"
10511,"BONAP",4,"2014-04-18","2014-05-16","2014-04-21",3,"350.64000"
10512,"FAMIA",7,"2014-04-21","2014-05-19","2014-04-24",2,"3.53000"
10513,"WANDK",7,"2014-04-22","2014-06-03","2014-04-28",1,"105.65000"
10514,"ERNSH",3,"2014-04-22","2014-05-20","2014-05-16",2,"789.95000"
10515,"QUICK",2,"2014-04-23","2014-05-07","2014-05-23",1,"204.47000"
10516,"HUNGO",2,"2014-04-24","2014-05-22","2014-05-01",3,"62.78000"
10517,"NORTS",3,"2014-04-24","2014-05-22","2014-04-29",3,"32.07000"
10518,"TORTU",4,"2014-04-25","2014-05-09","2014-05-05",2,"218.15000"
10519,"CHOPS",6,"2014-04-28","2014-05-26","2014-05-01",3,"91.76000"
10520,"SANTG",7,"2014-04-29","2014-05-27","2014-05-01",1,"13.37000"
10521,"CACTU",8,"2014-04-29","2014-05-27","2014-05-02",2,"17.22000"
10522,"LEHMS",4,"2014-04-30","2014-05-28","2014-05-06",1,"45.33000"
10523,"SEVES",7,"2014-05-01","2014-05-29","2014-05-30",2,"77.63000"
10524,"BERGS",1,"2014-05-01","2014-05-29","2014-05-07",2,"244.79000"
10525,"BONAP",1,"2014-05-02","2014-05-30","2014-05-23",2,"11.06000"
10526,"WARTH",4,"2014-05-05","2014-06-02","2014-05-15",2,"58.59000"
10527,"QUICK",7,"2014-05-05","2014-06-02","2014-05-07",1,"41.90000"
10528,"GREAL",6,"2014-05-06","2014-05-20","2014-05-09",2,"3.35000"
10529,"MAISD",5,"2014-05-07","2014-06-04","2014-05-09",2,"66.69000"
10530,"PICCO",3,"2014-05-08","2014-06-05","2014-05-12",2,"339.22000"
10531,"OCEAN",7,"2014-05-08","2014-06-05","2014-05-19",1,"8.12000"
10532,"EASTC",7,"2014-05-09","2014-06-06","2014-05-12",3,"74.46000"
10533,"FOLKO",8,"2014-05-12","2014-06-09","2014-05-22",1,"188.04000"
10534,"LEHMS",8,"2014-05-12","2014-06-09","2014-05-14",2,"27.94000"
10535,"ANTON",4,"2014-05-13","2014-06-10","2014-05-21",1,"15.64000"
10536,"LEHMS",3,"2014-05-14","2014-06-11","2014-06-06",2,"58.88000"
10537,"RICSU",1,"2014-05-14","2014-05-28","2014-05-19",1,"78.85000"
10538,"BSBEV",9,"2014-05-15","2014-06-12","2014-05-16",3,"4.87000"
10539,"BSBEV",6,"2014-05-16","2014-06-13","2014-05-23",3,"12.36000"
10540,"QUICK",3,"2014-05-19","2014-06-16","2014-06-13",3,"1007.64000"
10541,"HANAR",2,"2014-05-19","2014-06-16","2014-05-29",1,"68.65000"
10542,"KOENE",1,"2014-05-20","2014-06-17","2014-05-26",3,"10.95000"
10543,"LILAS",8,"2014-05-21","2014-06-18","2014-05-23",2,"48.17000"
10544,"LONEP",4,"2014-05-21","2014-06-18","2014-05-30",1,"24.91000"
10545,"LAZYK",8,"2014-05-22","2014-06-19","2014-06-26",2,"11.92000"
10546,"VICTE",1,"2014-05-23","2014-06-20","2014-05-27",3,"194.72000"
10547,"SEVES",3,"2014-05-23","2014-06-20","2014-06-02",2,"178.43000"
10548,"TOMSP",3,"2014-05-26","2014-06-23","2014-06-02",2,"1.43000"
10549,"QUICK",5,"2014-05-27","2014-06-10","2014-05-30",1,"171.24000"
10550,"GODOS",7,"2014-05-28","2014-06-25","2014-06-06",3,"4.32000"
10551,"FURIB",4,"2014-05-28","2014-07-09","2014-06-06",3,"72.95000"
10552,"HILAA",2,"2014-05-29","2014-06-26","2014-06-05",1,"83.22000"
10553,"WARTH",2,"2014-05-30","2014-06-27","2014-06-03",2,"149.49000"
10554,"OTTIK",4,"2014-05-30","2014-06-27","2014-06-05",3,"120.97000"
10555,"SAVEA",6,"2014-06-02","2014-06-30","2014-06-04",3,"252.49000"
10556,"SIMOB",2,"2014-06-03","2014-07-15","2014-06-13",1,"9.80000"
10557,"LEHMS",9,"2014-06-03","2014-06-17","2014-06-06",2,"96.72000"
10558,"AROUT",1,"2014-06-04","2014-07-02","2014-06-10",2,"72.97000"
10559,"BLONP",6,"2014-06-05","2014-07-03","2014-06-13",1,"8.05000"
10560,"FRANK",8,"2014-06-06","2014-07-04","2014-06-09",1,"36.65000"
10561,"FOLKO",2,"2014-06-06","2014-07-04","2014-06-09",2,"242.21000"
10562,"REGGC",1,"2014-06-09","2014-07-07","2014-06-12",1,"22.95000"
10563,"RICAR",2,"2014-06-10","2014-07-22","2014-06-24",2,"60.43000"
10564,"RATTC",4,"2014-06-10","2014-07-08","2014-06-16",3,"13.75000"
10565,"MEREP",8,"2014-06-11","2014-07-09","2014-06-18",2,"7.15000"
10566,"BLONP",9,"2014-06-12","2014-07-10","2014-06-18",1,"88.40000"
10567,"HUNGO",1,"2014-06-12","2014-07-10","2014-06-17",1,"33.97000"
10568,"GALED",3,"2014-06-13","2014-07-11","2014-07-09",3,"6.54000"
10569,"RATTC",5,"2014-06-16","2014-07-14","2014-07-11",1,"58.98000"
10570,"MEREP",3,"2014-06-17","2014-07-15","2014-06-19",3,"188.99000"
10571,"ERNSH",8,"2014-06-17","2014-07-29","2014-07-04",3,"26.06000"
10572,"BERGS",3,"2014-06-18","2014-07-16","2014-06-25",2,"116.43000"
10573,"ANTON",7,"2014-06-19","2014-07-17","2014-06-20",3,"84.84000"
10574,"TRAIH",4,"2014-06-19","2014-07-17","2014-06-30",2,"37.60000"
10575,"MORGK",5,"2014-06-20","2014-07-04","2014-06-30",1,"127.34000"
10576,"TORTU",3,"2014-06-23","2014-07-07","2014-06-30",3,"18.56000"
10577,"TRAIH",9,"2014-06-23","2014-08-04","2014-06-30",2,"25.41000"
10578,"BSBEV",4,"2014-06-24","2014-07-22","2014-07-25",3,"29.60000"
10579,"LETSS",1,"2014-06-25","2014-07-23","2014-07-04",2,"13.73000"
10580,"OTTIK",4,"2014-06-26","2014-07-24","2014-07-01",3,"75.89000"
10581,"FAMIA",3,"2014-06-26","2014-07-24","2014-07-02",1,"3.01000"
10582,"BLAUS",3,"2014-06-27","2014-07-25","2014-07-14",2,"27.71000"
10583,"WARTH",2,"2014-06-30","2014-07-28","2014-07-04",2,"7.28000"
10584,"BLONP",4,"2014-06-30","2014-07-28","2014-07-04",1,"59.14000"
10585,"WELLI",7,"2014-07-01","2014-07-29","2014-07-10",1,"13.41000"
10586,"REGGC",9,"2014-07-02","2014-07-30","2014-07-09",1,"0.48000"
10587,"QUEDE",1,"2014-07-02","2014-07-30","2014-07-09",1,"62.52000"
10588,"QUICK",2,"2014-07-03","2014-07-31","2014-07-10",3,"194.67000"
10589,"GREAL",8,"2014-07-04","2014-08-01","2014-07-14",2,"4.42000"
10590,"MEREP",4,"2014-07-07","2014-08-04","2014-07-14",3,"44.77000"
10591,"VAFFE",1,"2014-07-07","2014-07-21","2014-07-16",1,"55.92000"
10592,"LEHMS",3,"2014-07-08","2014-08-05","2014-07-16",1,"32.10000"
10593,"LEHMS",7,"2014-07-09","2014-08-06","2014-08-13",2,"174.20000"
10594,"OLDWO",3,"2014-07-09","2014-08-06","2014-07-16",2,"5.24000"
10595,"ERNSH",2,"2014-07-10","2014-08-07","2014-07-14",1,"96.78000"
10596,"WHITC",8,"2014-07-11","2014-08-08","2014-08-12",1,"16.34000"
10597,"PICCO",7,"2014-07-11","2014-08-08","2014-07-18",3,"35.12000"
10598,"RATTC",1,"2014-07-14","2014-08-11","2014-07-18",3,"44.42000"
10599,"BSBEV",6,"2014-07-15","2014-08-26","2014-07-21",3,"29.98000"
10600,"HUNGC",4,"2014-07-16","2014-08-13","2014-07-21",1,"45.13000"
10601,"HILAA",7,"2014-07-16","2014-08-27","2014-07-22",1,"58.30000"
10602,"VAFFE",8,"2014-07-17","2014-08-14","2014-07-22",2,"2.92000"
10603,"SAVEA",8,"2014-07-18","2014-08-15","2014-08-08",2,"48.77000"
10604,"FURIB",1,"2014-07-18","2014-08-15","2014-07-29",1,"7.46000"
10605,"MEREP",1,"2014-07-21","2014-08-18","2014-07-29",2,"379.13000"
10606,"TRADH",4,"2014-07-22","2014-08-19","2014-07-31",3,"79.40000"
10607,"SAVEA",5,"2014-07-22","2014-08-19","2014-07-25",1,"200.24000"
10608,"TOMSP",4,"2014-07-23","2014-08-20","2014-08-01",2,"27.79000"
10609,"DUMON",7,"2014-07-24","2014-08-21","2014-07-30",2,"1.85000"
10610,"LAMAI",8,"2014-07-25","2014-08-22","2014-08-06",1,"26.78000"
10611,"WOLZA",6,"2014-07-25","2014-08-22","2014-08-01",2,"80.65000"
10612,"SAVEA",1,"2014-07-28","2014-08-25","2014-08-01",2,"544.08000"
10613,"HILAA",4,"2014-07-29","2014-08-26","2014-08-01",2,"8.11000"
10614,"BLAUS",8,"2014-07-29","2014-08-26","2014-08-01",3,"1.93000"
10615,"WILMK",2,"2014-07-30","2014-08-27","2014-08-06",3,"0.75000"
10616,"GREAL",1,"2014-07-31","2014-08-28","2014-08-05",2,"116.53000"
10617,"GREAL",4,"2014-07-31","2014-08-28","2014-08-04",2,"18.53000"
10618,"MEREP",1,"2014-08-01","2014-09-12","2014-08-08",1,"154.68000"
10619,"MEREP",3,"2014-08-04","2014-09-01","2014-08-07",3,"91.05000"
10620,"LAUGB",2,"2014-08-05","2014-09-02","2014-08-14",3,"0.94000"
10621,"ISLAT",4,"2014-08-05","2014-09-02","2014-08-11",2,"23.73000"
10622,"RICAR",4,"2014-08-06","2014-09-03","2014-08-11",3,"50.97000"
10623,"FRANK",8,"2014-08-07","2014-09-04","2014-08-12",2,"97.18000"
10624,"THECR",4,"2014-08-07","2014-09-04","2014-08-19",2,"94.80000"
10625,"ANATR",3,"2014-08-08","2014-09-05","2014-08-14",1,"43.90000"
10626,"BERGS",1,"2014-08-11","2014-09-08","2014-08-20",2,"138.69000"
10627,"SAVEA",8,"2014-08-11","2014-09-22","2014-08-21",3,"107.46000"
10628,"BLONP",4,"2014-08-12","2014-09-09","2014-08-20",3,"30.36000"
10629,"GODOS",4,"2014-08-12","2014-09-09","2014-08-20",3,"85.46000"
10630,"KOENE",1,"2014-08-13","2014-09-10","2014-08-19",2,"32.35000"
10631,"LAMAI",8,"2014-08-14","2014-09-11","2014-08-15",1,"0.87000"
10632,"WANDK",8,"2014-08-14","2014-09-11","2014-08-19",1,"41.38000"
10633,"ERNSH",7,"2014-08-15","2014-09-12","2014-08-18",3,"477.90000"
10634,"FOLIG",4,"2014-08-15","2014-09-12","2014-08-21",3,"487.38000"
10635,"MAGAA",8,"2014-08-18","2014-09-15","2014-08-21",3,"47.46000"
10636,"WARTH",4,"2014-08-19","2014-09-16","2014-08-26",1,"1.15000"
10637,"QUEEN",6,"2014-08-19","2014-09-16","2014-08-26",1,"201.29000"
10638,"LINOD",3,"2014-08-20","2014-09-17","2014-09-01",1,"158.44000"
10639,"SANTG",7,"2014-08-20","2014-09-17","2014-08-27",3,"38.64000"
10640,"WANDK",4,"2014-08-21","2014-09-18","2014-08-28",1,"23.55000"
10641,"HILAA",4,"2014-08-22","2014-09-19","2014-08-26",2,"179.61000"
10642,"SIMOB",7,"2014-08-22","2014-09-19","2014-09-05",3,"41.89000"
10643,"ALFKI",6,"2014-08-25","2014-09-22","2014-09-02",1,"29.46000"
10644,"WELLI",3,"2014-08-25","2014-09-22","2014-09-01",2,"0.14000"
10645,"HANAR",4,"2014-08-26","2014-09-23","2014-09-02",1,"12.41000"
10646,"HUNGO",9,"2014-08-27","2014-10-08","2014-09-03",3,"142.33000"
10647,"QUEDE",4,"2014-08-27","2014-09-10","2014-09-03",2,"45.54000"
10648,"RICAR",5,"2014-08-28","2014-10-09","2014-09-09",2,"14.25000"
10649,"MAISD",5,"2014-08-28","2014-09-25","2014-08-29",3,"6.20000"
10650,"FAMIA",5,"2014-08-29","2014-09-26","2014-09-03",3,"176.81000"
10651,"WANDK",8,"2014-09-01","2014-09-29","2014-09-11",2,"20.60000"
10652,"GOURL",4,"2014-09-01","2014-09-29","2014-09-08",2,"7.14000"
10653,"FRANK",1,"2014-09-02","2014-09-30","2014-09-19",1,"93.25000"
10654,"BERGS",5,"2014-09-02","2014-09-30","2014-09-11",1,"55.26000"
10655,"REGGC",1,"2014-09-03","2014-10-01","2014-09-11",2,"4.41000"
10656,"GREAL",6,"2014-09-04","2014-10-02","2014-09-10",1,"57.15000"
10657,"SAVEA",2,"2014-09-04","2014-10-02","2014-09-15",2,"352.69000"
10658,"QUICK",4,"2014-09-05","2014-10-03","2014-09-08",1,"364.15000"
10659,"QUEEN",7,"2014-09-05","2014-10-03","2014-09-10",2,"105.81000"
10660,"HUNGC",8,"2014-09-08","2014-10-06","2014-10-15",1,"111.29000"
10661,"HUNGO",7,"2014-09-09","2014-10-07","2014-09-15",3,"17.55000"
10662,"LONEP",3,"2014-09-09","2014-10-07","2014-09-18",2,"1.28000"
10663,"BONAP",2,"2014-09-10","2014-09-24","2014-10-03",2,"113.15000"
10664,"FURIB",1,"2014-09-10","2014-10-08","2014-09-19",3,"1.27000"
10665,"LONEP",1,"2014-09-11","2014-10-09","2014-09-17",2,"26.31000"
10666,"RICSU",7,"2014-09-12","2014-10-10","2014-09-22",2,"232.42000"
10667,"ERNSH",7,"2014-09-12","2014-10-10","2014-09-19",1,"78.09000"
10668,"WANDK",1,"2014-09-15","2014-10-13","2014-09-23",2,"47.22000"
10669,"SIMOB",2,"2014-09-15","2014-10-13","2014-09-22",1,"24.39000"
10670,"FRANK",4,"2014-09-16","2014-10-14","2014-09-18",1,"203.48000"
10671,"FRANR",1,"2014-09-17","2014-10-15","2014-09-24",1,"30.34000"
10672,"BERGS",9,"2014-09-17","2014-10-01","2014-09-26",2,"95.75000"
10673,"WILMK",2,"2014-09-18","2014-10-16","2014-09-19",1,"22.76000"
10674,"ISLAT",4,"2014-09-18","2014-10-16","2014-09-30",2,"0.90000"
10675,"FRANK",5,"2014-09-19","2014-10-17","2014-09-23",2,"31.85000"
10676,"TORTU",2,"2014-09-22","2014-10-20","2014-09-29",2,"2.01000"
10677,"ANTON",1,"2014-09-22","2014-10-20","2014-09-26",3,"4.03000"
10678,"SAVEA",7,"2014-09-23","2014-10-21","2014-10-16",3,"388.98000"
10679,"BLONP",8,"2014-09-23","2014-10-21","2014-09-30",3,"27.94000"
10680,"OLDWO",1,"2014-09-24","2014-10-22","2014-09-26",1,"26.61000"
10681,"GREAL",3,"2014-09-25","2014-10-23","2014-09-30",3,"76.13000"
10682,"ANTON",3,"2014-09-25","2014-10-23","2014-10-01",2,"36.13000"
10683,"DUMON",2,"2014-09-26","2014-10-24","2014-10-01",1,"4.40000"
10684,"OTTIK",3,"2014-09-26","2014-10-24","2014-09-30",1,"145.63000"
10685,"GOURL",4,"2014-09-29","2014-10-13","2014-10-03",2,"33.75000"
10686,"PICCO",2,"2014-09-30","2014-10-28","2014-10-08",1,"96.50000"
10687,"HUNGO",9,"2014-09-30","2014-10-28","2014-10-30",2,"296.43000"
10688,"VAFFE",4,"2014-10-01","2014-10-15","2014-10-07",2,"299.09000"
10689,"BERGS",1,"2014-10-01","2014-10-29","2014-10-07",2,"13.42000"
10690,"HANAR",1,"2014-10-02","2014-10-30","2014-10-03",1,"15.80000"
10691,"QUICK",2,"2014-10-03","2014-11-14","2014-10-22",2,"810.05000"
10692,"ALFKI",4,"2014-10-03","2014-10-31","2014-10-13",2,"61.02000"
10693,"WHITC",3,"2014-10-06","2014-10-20","2014-10-10",3,"139.34000"
10694,"QUICK",8,"2014-10-06","2014-11-03","2014-10-09",3,"398.36000"
10695,"WILMK",7,"2014-10-07","2014-11-18","2014-10-14",1,"16.72000"
10696,"WHITC",8,"2014-10-08","2014-11-19","2014-10-14",3,"102.55000"
10697,"LINOD",3,"2014-10-08","2014-11-05","2014-10-14",1,"45.52000"
10698,"ERNSH",4,"2014-10-09","2014-11-06","2014-10-17",1,"272.47000"
10699,"MORGK",3,"2014-10-09","2014-11-06","2014-10-13",3,"0.58000"
10700,"SAVEA",3,"2014-10-10","2014-11-07","2014-10-16",1,"65.10000"
10701,"HUNGO",6,"2014-10-13","2014-10-27","2014-10-15",3,"220.31000"
10702,"ALFKI",4,"2014-10-13","2014-11-24","2014-10-21",1,"23.94000"
10703,"FOLKO",6,"2014-10-14","2014-11-11","2014-10-20",2,"152.30000"
10704,"QUEEN",6,"2014-10-14","2014-11-11","2014-11-07",1,"4.78000"
10705,"HILAA",9,"2014-10-15","2014-11-12","2014-11-18",2,"3.52000"
10706,"OLDWO",8,"2014-10-16","2014-11-13","2014-10-21",3,"135.63000"
10707,"AROUT",4,"2014-10-16","2014-10-30","2014-10-23",3,"21.74000"
10708,"THEBI",6,"2014-10-17","2014-11-28","2014-11-05",2,"2.96000"
10709,"GOURL",1,"2014-10-17","2014-11-14","2014-11-20",3,"210.80000"
10710,"FRANS",1,"2014-10-20","2014-11-17","2014-10-23",1,"4.98000"
10711,"SAVEA",5,"2014-10-21","2014-12-02","2014-10-29",2,"52.41000"
10712,"HUNGO",3,"2014-10-21","2014-11-18","2014-10-31",1,"89.93000"
10713,"SAVEA",1,"2014-10-22","2014-11-19","2014-10-24",1,"167.05000"
10714,"SAVEA",5,"2014-10-22","2014-11-19","2014-10-27",3,"24.49000"
10715,"BONAP",3,"2014-10-23","2014-11-06","2014-10-29",1,"63.20000"
10716,"RANCH",4,"2014-10-24","2014-11-21","2014-10-27",2,"22.57000"
10717,"FRANK",1,"2014-10-24","2014-11-21","2014-10-29",2,"59.25000"
10718,"KOENE",1,"2014-10-27","2014-11-24","2014-10-29",3,"170.88000"
10719,"LETSS",8,"2014-10-27","2014-11-24","2014-11-05",2,"51.44000"
10720,"QUEDE",8,"2014-10-28","2014-11-11","2014-11-05",2,"9.53000"
10721,"QUICK",5,"2014-10-29","2014-11-26","2014-10-31",3,"48.92000"
10722,"SAVEA",8,"2014-10-29","2014-12-10","2014-11-04",1,"74.58000"
10723,"WHITC",3,"2014-10-30","2014-11-27","2014-11-25",1,"21.72000"
10724,"MEREP",8,"2014-10-30","2014-12-11","2014-11-05",2,"57.75000"
10725,"FAMIA",4,"2014-10-31","2014-11-28","2014-11-05",3,"10.83000"
10726,"EASTC",4,"2014-11-03","2014-11-17","2014-12-05",1,"16.56000"
10727,"REGGC",2,"2014-11-03","2014-12-01","2014-12-05",1,"89.90000"
10728,"QUEEN",4,"2014-11-04","2014-12-02","2014-11-11",2,"58.33000"
10729,"LINOD",8,"2014-11-04","2014-12-16","2014-11-14",3,"141.06000"
10730,"BONAP",5,"2014-11-05","2014-12-03","2014-11-14",1,"20.12000"
10731,"CHOPS",7,"2014-11-06","2014-12-04","2014-11-14",1,"96.65000"
10732,"BONAP",3,"2014-11-06","2014-12-04","2014-11-07",1,"16.97000"
10733,"BERGS",1,"2014-11-07","2014-12-05","2014-11-10",3,"110.11000"
10734,"GOURL",2,"2014-11-07","2014-12-05","2014-11-12",3,"1.63000"
10735,"LETSS",6,"2014-11-10","2014-12-08","2014-11-21",2,"45.97000"
10736,"HUNGO",9,"2014-11-11","2014-12-09","2014-11-21",2,"44.10000"
10737,"VINET",2,"2014-11-11","2014-12-09","2014-11-18",2,"7.79000"
10738,"SPECD",2,"2014-11-12","2014-12-10","2014-11-18",1,"2.91000"
10739,"VINET",3,"2014-11-12","2014-12-10","2014-11-17",3,"11.08000"
10740,"WHITC",4,"2014-11-13","2014-12-11","2014-11-25",2,"81.88000"
10741,"AROUT",4,"2014-11-14","2014-11-28","2014-11-18",3,"10.96000"
10742,"BOTTM",3,"2014-11-14","2014-12-12","2014-11-18",3,"243.73000"
10743,"AROUT",1,"2014-11-17","2014-12-15","2014-11-21",2,"23.72000"
10744,"VAFFE",6,"2014-11-17","2014-12-15","2014-11-24",1,"69.19000"
10745,"QUICK",9,"2014-11-18","2014-12-16","2014-11-27",1,"3.52000"
10746,"CHOPS",1,"2014-11-19","2014-12-17","2014-11-21",3,"31.43000"
10747,"PICCO",6,"2014-11-19","2014-12-17","2014-11-26",1,"117.33000"
10748,"SAVEA",3,"2014-11-20","2014-12-18","2014-11-28",1,"232.55000"
10749,"ISLAT",4,"2014-11-20","2014-12-18","2014-12-19",2,"61.53000"
10750,"WARTH",9,"2014-11-21","2014-12-19","2014-11-24",1,"79.30000"
10751,"RICSU",3,"2014-11-24","2014-12-22","2014-12-03",3,"130.79000"
10752,"NORTS",2,"2014-11-24","2014-12-22","2014-11-28",3,"1.39000"
10753,"FRANS",3,"2014-11-25","2014-12-23","2014-11-27",1,"7.70000"
10754,"MAGAA",6,"2014-11-25","2014-12-23","2014-11-27",3,"2.38000"
10755,"BONAP",4,"2014-11-26","2014-12-24","2014-11-28",2,"16.71000"
10756,"SPLIR",8,"2014-11-27","2014-12-25","2014-12-02",2,"73.21000"
10757,"SAVEA",6,"2014-11-27","2014-12-25","2014-12-15",1,"8.19000"
10758,"RICSU",3,"2014-11-28","2014-12-26","2014-12-04",3,"138.17000"
10759,"ANATR",3,"2014-11-28","2014-12-26","2014-12-12",3,"11.99000"
10760,"MAISD",4,"2014-12-01","2014-12-29","2014-12-10",1,"155.64000"
10761,"RATTC",5,"2014-12-02","2014-12-30","2014-12-08",2,"18.66000"
10762,"FOLKO",3,"2014-12-02","2014-12-30","2014-12-09",1,"328.74000"
10763,"FOLIG",3,"2014-12-03","2014-12-31","2014-12-08",3,"37.35000"
10764,"ERNSH",6,"2014-12-03","2014-12-31","2014-12-08",3,"145.45000"
10765,"QUICK",3,"2014-12-04","2015-01-01","2014-12-09",3,"42.74000"
10766,"OTTIK",4,"2014-12-05","2015-01-02","2014-12-09",1,"157.55000"
10767,"SUPRD",4,"2014-12-05","2015-01-02","2014-12-15",3,"1.59000"
10768,"AROUT",3,"2014-12-08","2015-01-05","2014-12-15",2,"146.32000"
10769,"VAFFE",3,"2014-12-08","2015-01-05","2014-12-12",1,"65.06000"
10770,"HANAR",8,"2014-12-09","2015-01-06","2014-12-17",3,"5.32000"
10771,"ERNSH",9,"2014-12-10","2015-01-07","2015-01-02",2,"11.19000"
10772,"LEHMS",3,"2014-12-10","2015-01-07","2014-12-19",2,"91.28000"
10773,"ERNSH",1,"2014-12-11","2015-01-08","2014-12-16",3,"96.43000"
10774,"FOLKO",4,"2014-12-11","2014-12-25","2014-12-12",1,"48.20000"
10775,"THECR",7,"2014-12-12","2015-01-09","2014-12-26",1,"20.25000"
10776,"ERNSH",1,"2014-12-15","2015-01-12","2014-12-18",3,"351.53000"
10777,"GOURL",7,"2014-12-15","2014-12-29","2015-01-21",2,"3.01000"
10778,"BERGS",3,"2014-12-16","2015-01-13","2014-12-24",1,"6.79000"
10779,"MORGK",3,"2014-12-16","2015-01-13","2015-01-14",2,"58.13000"
10780,"LILAS",2,"2014-12-16","2014-12-30","2014-12-25",1,"42.13000"
10781,"WARTH",2,"2014-12-17","2015-01-14","2014-12-19",3,"73.16000"
10782,"CACTU",9,"2014-12-17","2015-01-14","2014-12-22",3,"1.10000"
10783,"HANAR",4,"2014-12-18","2015-01-15","2014-12-19",2,"124.98000"
10784,"MAGAA",4,"2014-12-18","2015-01-15","2014-12-22",3,"70.09000"
10785,"GROSR",1,"2014-12-18","2015-01-15","2014-12-24",3,"1.51000"
10786,"QUEEN",8,"2014-12-19","2015-01-16","2014-12-23",1,"110.87000"
10787,"LAMAI",2,"2014-12-19","2015-01-02","2014-12-26",1,"249.93000"
10788,"QUICK",1,"2014-12-22","2015-01-19","2015-01-19",2,"42.70000"
10789,"FOLIG",1,"2014-12-22","2015-01-19","2014-12-31",2,"100.60000"
10790,"GOURL",6,"2014-12-22","2015-01-19","2014-12-26",1,"28.23000"
10791,"FRANK",6,"2014-12-23","2015-01-20","2015-01-01",2,"16.85000"
10792,"WOLZA",1,"2014-12-23","2015-01-20","2014-12-31",3,"23.79000"
10793,"AROUT",3,"2014-12-24","2015-01-21","2015-01-08",3,"4.52000"
10794,"QUEDE",6,"2014-12-24","2015-01-21","2015-01-02",1,"21.49000"
10795,"ERNSH",8,"2014-12-24","2015-01-21","2015-01-20",2,"126.66000"
10796,"HILAA",3,"2014-12-25","2015-01-22","2015-01-14",1,"26.52000"
10797,"DRACD",7,"2014-12-25","2015-01-22","2015-01-05",2,"33.35000"
10798,"ISLAT",2,"2014-12-26","2015-01-23","2015-01-05",1,"2.33000"
10799,"KOENE",9,"2014-12-26","2015-02-06","2015-01-05",3,"30.76000"
10800,"SEVES",1,"2014-12-26","2015-01-23","2015-01-05",3,"137.44000"
10801,"BOLID",4,"2014-12-29","2015-01-26","2014-12-31",2,"97.09000"
10802,"SIMOB",4,"2014-12-29","2015-01-26","2015-01-02",2,"257.26000"
10803,"WELLI",4,"2014-12-30","2015-01-27","2015-01-06",1,"55.23000"
10804,"SEVES",6,"2014-12-30","2015-01-27","2015-01-07",2,"27.33000"
10805,"THEBI",2,"2014-12-30","2015-01-27","2015-01-09",3,"237.34000"
10806,"VICTE",3,"2014-12-31","2015-01-28","2015-01-05",2,"22.11000"
10807,"FRANS",4,"2014-12-31","2015-01-28","2015-01-30",1,"1.36000"
10808,"OLDWO",2,"2015-01-01","2015-01-29","2015-01-09",3,"45.53000"
10809,"WELLI",7,"2015-01-01","2015-01-29","2015-01-07",1,"4.87000"
10810,"LAUGB",2,"2015-01-01","2015-01-29","2015-01-07",3,"4.33000"
10811,"LINOD",8,"2015-01-02","2015-01-30","2015-01-08",1,"31.22000"
10812,"REGGC",5,"2015-01-02","2015-01-30","2015-01-12",1,"59.78000"
10813,"RICAR",1,"2015-01-05","2015-02-02","2015-01-09",1,"47.38000"
10814,"VICTE",3,"2015-01-05","2015-02-02","2015-01-14",3,"130.94000"
10815,"SAVEA",2,"2015-01-05","2015-02-02","2015-01-14",3,"14.62000"
10816,"GREAL",4,"2015-01-06","2015-02-03","2015-02-04",2,"719.78000"
10817,"KOENE",3,"2015-01-06","2015-01-20","2015-01-13",2,"306.07000"
10818,"MAGAA",7,"2015-01-07","2015-02-04","2015-01-12",3,"65.48000"
10819,"CACTU",2,"2015-01-07","2015-02-04","2015-01-16",3,"19.76000"
10820,"RATTC",3,"2015-01-07","2015-02-04","2015-01-13",2,"37.52000"
10821,"SPLIR",1,"2015-01-08","2015-02-05","2015-01-15",1,"36.68000"
10822,"TRAIH",6,"2015-01-08","2015-02-05","2015-01-16",3,"7.00000"
10823,"LILAS",5,"2015-01-09","2015-02-06","2015-01-13",2,"163.97000"
10824,"FOLKO",8,"2015-01-09","2015-02-06","2015-01-30",1,"1.23000"
10825,"DRACD",1,"2015-01-09","2015-02-06","2015-01-14",1,"79.25000"
10826,"BLONP",6,"2015-01-12","2015-02-09","2015-02-06",1,"7.09000"
10827,"BONAP",1,"2015-01-12","2015-01-26","2015-02-06",2,"63.54000"
10828,"RANCH",9,"2015-01-13","2015-01-27","2015-02-04",1,"90.85000"
10829,"ISLAT",9,"2015-01-13","2015-02-10","2015-01-23",1,"154.72000"
10830,"TRADH",4,"2015-01-13","2015-02-24","2015-01-21",2,"81.83000"
10831,"SANTG",3,"2015-01-14","2015-02-11","2015-01-23",2,"72.19000"
10832,"LAMAI",2,"2015-01-14","2015-02-11","2015-01-19",2,"43.26000"
10833,"OTTIK",6,"2015-01-15","2015-02-12","2015-01-23",2,"71.49000"
10834,"TRADH",1,"2015-01-15","2015-02-12","2015-01-19",3,"29.78000"
10835,"ALFKI",1,"2015-01-15","2015-02-12","2015-01-21",3,"69.53000"
10836,"ERNSH",7,"2015-01-16","2015-02-13","2015-01-21",1,"411.88000"
10837,"BERGS",9,"2015-01-16","2015-02-13","2015-01-23",3,"13.32000"
10838,"LINOD",3,"2015-01-19","2015-02-16","2015-01-23",3,"59.28000"
10839,"TRADH",3,"2015-01-19","2015-02-16","2015-01-22",3,"35.43000"
10840,"LINOD",4,"2015-01-19","2015-03-02","2015-02-16",2,"2.71000"
10841,"SUPRD",5,"2015-01-20","2015-02-17","2015-01-29",2,"424.30000"
10842,"TORTU",1,"2015-01-20","2015-02-17","2015-01-29",3,"54.42000"
10843,"VICTE",4,"2015-01-21","2015-02-18","2015-01-26",2,"9.26000"
10844,"PICCO",8,"2015-01-21","2015-02-18","2015-01-26",2,"25.22000"
10845,"QUICK",8,"2015-01-21","2015-02-04","2015-01-30",1,"212.98000"
10846,"SUPRD",2,"2015-01-22","2015-03-05","2015-01-23",3,"56.46000"
10847,"SAVEA",4,"2015-01-22","2015-02-05","2015-02-10",3,"487.57000"
10848,"CONSH",7,"2015-01-23","2015-02-20","2015-01-29",2,"38.24000"
10849,"KOENE",9,"2015-01-23","2015-02-20","2015-01-30",2,"0.56000"
10850,"VICTE",1,"2015-01-23","2015-03-06","2015-01-30",1,"49.19000"
10851,"RICAR",5,"2015-01-26","2015-02-23","2015-02-02",1,"160.55000"
10852,"RATTC",8,"2015-01-26","2015-02-09","2015-01-30",1,"174.05000"
10853,"BLAUS",9,"2015-01-27","2015-02-24","2015-02-03",2,"53.83000"
10854,"ERNSH",3,"2015-01-27","2015-02-24","2015-02-05",2,"100.22000"
10855,"OLDWO",3,"2015-01-27","2015-02-24","2015-02-04",1,"170.97000"
10856,"ANTON",3,"2015-01-28","2015-02-25","2015-02-10",2,"58.43000"
10857,"BERGS",8,"2015-01-28","2015-02-25","2015-02-06",2,"188.85000"
10858,"LACOR",2,"2015-01-29","2015-02-26","2015-02-03",1,"52.51000"
10859,"FRANK",1,"2015-01-29","2015-02-26","2015-02-02",2,"76.10000"
10860,"FRANR",3,"2015-01-29","2015-02-26","2015-02-04",3,"19.26000"
10861,"WHITC",4,"2015-01-30","2015-02-27","2015-02-17",2,"14.93000"
10862,"LEHMS",8,"2015-01-30","2015-03-13","2015-02-02",2,"53.23000"
10863,"HILAA",4,"2015-02-02","2015-03-02","2015-02-17",2,"30.26000"
10864,"AROUT",4,"2015-02-02","2015-03-02","2015-02-09",2,"3.04000"
10865,"QUICK",2,"2015-02-02","2015-02-16","2015-02-12",1,"348.14000"
10866,"BERGS",5,"2015-02-03","2015-03-03","2015-02-12",1,"109.11000"
10867,"LONEP",6,"2015-02-03","2015-03-17","2015-02-11",1,"1.93000"
10868,"QUEEN",7,"2015-02-04","2015-03-04","2015-02-23",2,"191.27000"
10869,"SEVES",5,"2015-02-04","2015-03-04","2015-02-09",1,"143.28000"
10870,"WOLZA",5,"2015-02-04","2015-03-04","2015-02-13",3,"12.04000"
10871,"BONAP",9,"2015-02-05","2015-03-05","2015-02-10",2,"112.27000"
10872,"GODOS",5,"2015-02-05","2015-03-05","2015-02-09",2,"175.32000"
10873,"WILMK",4,"2015-02-06","2015-03-06","2015-02-09",1,"0.82000"
10874,"GODOS",5,"2015-02-06","2015-03-06","2015-02-11",2,"19.58000"
10875,"BERGS",4,"2015-02-06","2015-03-06","2015-03-03",2,"32.37000"
10876,"BONAP",7,"2015-02-09","2015-03-09","2015-02-12",3,"60.42000"
10877,"RICAR",1,"2015-02-09","2015-03-09","2015-02-19",1,"38.06000"
10878,"QUICK",4,"2015-02-10","2015-03-10","2015-02-12",1,"46.69000"
10879,"WILMK",3,"2015-02-10","2015-03-10","2015-02-12",3,"8.50000"
10880,"FOLKO",7,"2015-02-10","2015-03-24","2015-02-18",1,"88.01000"
10881,"CACTU",4,"2015-02-11","2015-03-11","2015-02-18",1,"2.84000"
10882,"SAVEA",4,"2015-02-11","2015-03-11","2015-02-20",3,"23.10000"
10883,"LONEP",8,"2015-02-12","2015-03-12","2015-02-20",3,"0.53000"
10884,"LETSS",4,"2015-02-12","2015-03-12","2015-02-13",2,"90.97000"
10885,"SUPRD",6,"2015-02-12","2015-03-12","2015-02-18",3,"5.64000"
10886,"HANAR",1,"2015-02-13","2015-03-13","2015-03-02",1,"4.99000"
10887,"GALED",8,"2015-02-13","2015-03-13","2015-02-16",3,"1.25000"
10888,"GODOS",1,"2015-02-16","2015-03-16","2015-02-23",2,"51.87000"
10889,"RATTC",9,"2015-02-16","2015-03-16","2015-02-23",3,"280.61000"
10890,"DUMON",7,"2015-02-16","2015-03-16","2015-02-18",1,"32.76000"
10891,"LEHMS",7,"2015-02-17","2015-03-17","2015-02-19",2,"20.37000"
10892,"MAISD",4,"2015-02-17","2015-03-17","2015-02-19",2,"120.27000"
10893,"KOENE",9,"2015-02-18","2015-03-18","2015-02-20",2,"77.78000"
10894,"SAVEA",1,"2015-02-18","2015-03-18","2015-02-20",1,"116.13000"
10895,"ERNSH",3,"2015-02-18","2015-03-18","2015-02-23",1,"162.75000"
10896,"MAISD",7,"2015-02-19","2015-03-19","2015-02-27",3,"32.45000"
10897,"HUNGO",3,"2015-02-19","2015-03-19","2015-02-25",2,"603.54000"
10898,"OCEAN",4,"2015-02-20","2015-03-20","2015-03-06",2,"1.27000"
10899,"LILAS",5,"2015-02-20","2015-03-20","2015-02-26",3,"1.21000"
10900,"WELLI",1,"2015-02-20","2015-03-20","2015-03-04",2,"1.66000"
10901,"HILAA",4,"2015-02-23","2015-03-23","2015-02-26",1,"62.09000"
10902,"FOLKO",1,"2015-02-23","2015-03-23","2015-03-03",1,"44.15000"
10903,"HANAR",3,"2015-02-24","2015-03-24","2015-03-04",3,"36.71000"
10904,"WHITC",3,"2015-02-24","2015-03-24","2015-02-27",3,"162.95000"
10905,"WELLI",9,"2015-02-24","2015-03-24","2015-03-06",2,"13.72000"
10906,"WOLZA",4,"2015-02-25","2015-03-11","2015-03-03",3,"26.29000"
10907,"SPECD",6,"2015-02-25","2015-03-25","2015-02-27",3,"9.19000"
10908,"REGGC",4,"2015-02-26","2015-03-26","2015-03-06",2,"32.96000"
10909,"SANTG",1,"2015-02-26","2015-03-26","2015-03-10",2,"53.05000"
10910,"WILMK",1,"2015-02-26","2015-03-26","2015-03-04",3,"38.11000"
10911,"GODOS",3,"2015-02-26","2015-03-26","2015-03-05",1,"38.19000"
10912,"HUNGO",2,"2015-02-26","2015-03-26","2015-03-18",2,"580.91000"
10913,"QUEEN",4,"2015-02-26","2015-03-26","2015-03-04",1,"33.05000"
10914,"QUEEN",6,"2015-02-27","2015-03-27","2015-03-02",1,"21.19000"
10915,"TORTU",2,"2015-02-27","2015-03-27","2015-03-02",2,"3.51000"
10916,"RANCH",1,"2015-02-27","2015-03-27","2015-03-09",2,"63.77000"
10917,"ROMEY",4,"2015-03-02","2015-03-30","2015-03-11",2,"8.29000"
10918,"BOTTM",3,"2015-03-02","2015-03-30","2015-03-11",3,"48.83000"
10919,"LINOD",2,"2015-03-02","2015-03-30","2015-03-04",2,"19.80000"
10920,"AROUT",4,"2015-03-03","2015-03-31","2015-03-09",2,"29.61000"
10921,"VAFFE",1,"2015-03-03","2015-04-14","2015-03-09",1,"176.48000"
10922,"HANAR",5,"2015-03-03","2015-03-31","2015-03-05",3,"62.74000"
10923,"LAMAI",7,"2015-03-03","2015-04-14","2015-03-13",3,"68.26000"
10924,"BERGS",3,"2015-03-04","2015-04-01","2015-04-08",2,"151.52000"
10925,"HANAR",3,"2015-03-04","2015-04-01","2015-03-13",1,"2.27000"
10926,"ANATR",4,"2015-03-04","2015-04-01","2015-03-11",3,"39.92000"
10927,"LACOR",4,"2015-03-05","2015-04-02","2015-04-08",1,"19.79000"
10928,"GALED",1,"2015-03-05","2015-04-02","2015-03-18",1,"1.36000"
10929,"FRANK",6,"2015-03-05","2015-04-02","2015-03-12",1,"33.93000"
10930,"SUPRD",4,"2015-03-06","2015-04-17","2015-03-18",3,"15.55000"
10931,"RICSU",4,"2015-03-06","2015-03-20","2015-03-19",2,"13.60000"
10932,"BONAP",8,"2015-03-06","2015-04-03","2015-03-24",1,"134.64000"
10933,"ISLAT",6,"2015-03-06","2015-04-03","2015-03-16",3,"54.15000"
10934,"LEHMS",3,"2015-03-09","2015-04-06","2015-03-12",3,"32.01000"
10935,"WELLI",4,"2015-03-09","2015-04-06","2015-03-18",3,"47.59000"
10936,"GREAL",3,"2015-03-09","2015-04-06","2015-03-18",2,"33.68000"
10937,"CACTU",7,"2015-03-10","2015-03-24","2015-03-13",3,"31.51000"
10938,"QUICK",3,"2015-03-10","2015-04-07","2015-03-16",2,"31.89000"
10939,"MAGAA",2,"2015-03-10","2015-04-07","2015-03-13",2,"76.33000"
10940,"BONAP",8,"2015-03-11","2015-04-08","2015-03-23",3,"19.77000"
10941,"SAVEA",7,"2015-03-11","2015-04-08","2015-03-20",2,"400.81000"
10942,"REGGC",9,"2015-03-11","2015-04-08","2015-03-18",3,"17.95000"
10943,"BSBEV",4,"2015-03-11","2015-04-08","2015-03-19",2,"2.17000"
10944,"BOTTM",6,"2015-03-12","2015-03-26","2015-03-13",3,"52.92000"
10945,"MORGK",4,"2015-03-12","2015-04-09","2015-03-18",1,"10.22000"
10946,"VAFFE",1,"2015-03-12","2015-04-09","2015-03-19",2,"27.20000"
10947,"BSBEV",3,"2015-03-13","2015-04-10","2015-03-16",2,"3.26000"
10948,"GODOS",3,"2015-03-13","2015-04-10","2015-03-19",3,"23.39000"
10949,"BOTTM",2,"2015-03-13","2015-04-10","2015-03-17",3,"74.44000"
10950,"MAGAA",1,"2015-03-16","2015-04-13","2015-03-23",2,"2.50000"
10951,"RICSU",9,"2015-03-16","2015-04-27","2015-04-07",2,"30.85000"
10952,"ALFKI",1,"2015-03-16","2015-04-27","2015-03-24",1,"40.42000"
10953,"AROUT",9,"2015-03-16","2015-03-30","2015-03-25",2,"23.72000"
10954,"LINOD",5,"2015-03-17","2015-04-28","2015-03-20",1,"27.91000"
10955,"FOLKO",8,"2015-03-17","2015-04-14","2015-03-20",2,"3.26000"
10956,"BLAUS",6,"2015-03-17","2015-04-28","2015-03-20",2,"44.65000"
10957,"HILAA",8,"2015-03-18","2015-04-15","2015-03-27",3,"105.36000"
10958,"OCEAN",7,"2015-03-18","2015-04-15","2015-03-27",2,"49.56000"
10959,"GOURL",6,"2015-03-18","2015-04-29","2015-03-23",2,"4.98000"
10960,"HILAA",3,"2015-03-19","2015-04-02","2015-04-08",1,"2.08000"
10961,"QUEEN",8,"2015-03-19","2015-04-16","2015-03-30",1,"104.47000"
10962,"QUICK",8,"2015-03-19","2015-04-16","2015-03-23",2,"275.79000"
10963,"FURIB",9,"2015-03-19","2015-04-16","2015-03-26",3,"2.70000"
10964,"SPECD",3,"2015-03-20","2015-04-17","2015-03-24",2,"87.38000"
10965,"OLDWO",6,"2015-03-20","2015-04-17","2015-03-30",3,"144.38000"
10966,"CHOPS",4,"2015-03-20","2015-04-17","2015-04-08",1,"27.19000"
10967,"TOMSP",2,"2015-03-23","2015-04-20","2015-04-02",2,"62.22000"
10968,"ERNSH",1,"2015-03-23","2015-04-20","2015-04-01",3,"74.60000"
10969,"COMMI",1,"2015-03-23","2015-04-20","2015-03-30",2,"0.21000"
10970,"BOLID",9,"2015-03-24","2015-04-07","2015-04-24",1,"16.16000"
10971,"FRANR",2,"2015-03-24","2015-04-21","2015-04-02",2,"121.82000"
10972,"LACOR",4,"2015-03-24","2015-04-21","2015-03-26",2,"0.02000"
10973,"LACOR",6,"2015-03-24","2015-04-21","2015-03-27",2,"15.17000"
10974,"SPLIR",3,"2015-03-25","2015-04-08","2015-04-03",3,"12.96000"
10975,"BOTTM",1,"2015-03-25","2015-04-22","2015-03-27",3,"32.27000"
10976,"HILAA",1,"2015-03-25","2015-05-06","2015-04-03",1,"37.97000"
10977,"FOLKO",8,"2015-03-26","2015-04-23","2015-04-10",3,"208.50000"
10978,"MAISD",9,"2015-03-26","2015-04-23","2015-04-23",2,"32.82000"
10979,"ERNSH",8,"2015-03-26","2015-04-23","2015-03-31",2,"353.07000"
10980,"FOLKO",4,"2015-03-27","2015-05-08","2015-04-17",1,"1.26000"
10981,"HANAR",1,"2015-03-27","2015-04-24","2015-04-02",2,"193.37000"
10982,"BOTTM",2,"2015-03-27","2015-04-24","2015-04-08",1,"14.01000"
10983,"SAVEA",2,"2015-03-27","2015-04-24","2015-04-06",2,"657.54000"
10984,"SAVEA",1,"2015-03-30","2015-04-27","2015-04-03",3,"211.22000"
10985,"HUNGO",2,"2015-03-30","2015-04-27","2015-04-02",1,"91.51000"
10986,"OCEAN",8,"2015-03-30","2015-04-27","2015-04-21",2,"217.86000"
10987,"EASTC",8,"2015-03-31","2015-04-28","2015-04-06",1,"185.48000"
10988,"RATTC",3,"2015-03-31","2015-04-28","2015-04-10",2,"61.14000"
10989,"QUEDE",2,"2015-03-31","2015-04-28","2015-04-02",1,"34.76000"
10990,"ERNSH",2,"2015-04-01","2015-05-13","2015-04-07",3,"117.61000"
10991,"QUICK",1,"2015-04-01","2015-04-29","2015-04-07",1,"38.51000"
10992,"THEBI",1,"2015-04-01","2015-04-29","2015-04-03",3,"4.27000"
10993,"FOLKO",7,"2015-04-01","2015-04-29","2015-04-10",3,"8.81000"
10994,"VAFFE",2,"2015-04-02","2015-04-16","2015-04-09",3,"65.53000"
10995,"PERIC",1,"2015-04-02","2015-04-30","2015-04-06",3,"46.00000"
10996,"QUICK",4,"2015-04-02","2015-04-30","2015-04-10",2,"1.12000"
10997,"LILAS",8,"2015-04-03","2015-05-15","2015-04-13",2,"73.91000"
10998,"WOLZA",8,"2015-04-03","2015-04-17","2015-04-17",2,"20.31000"
10999,"OTTIK",6,"2015-04-03","2015-05-01","2015-04-10",2,"96.35000"
11000,"RATTC",2,"2015-04-06","2015-05-04","2015-04-14",3,"55.12000"
11001,"FOLKO",2,"2015-04-06","2015-05-04","2015-04-14",2,"197.30000"
11002,"SAVEA",4,"2015-04-06","2015-05-04","2015-04-16",1,"141.16000"
11003,"THECR",3,"2015-04-06","2015-05-04","2015-04-08",3,"14.91000"
11004,"MAISD",3,"2015-04-07","2015-05-05","2015-04-20",1,"44.84000"
11005,"WILMK",2,"2015-04-07","2015-05-05","2015-04-10",1,"0.75000"
11006,"GREAL",3,"2015-04-07","2015-05-05","2015-04-15",2,"25.19000"
11007,"PRINI",8,"2015-04-08","2015-05-06","2015-04-13",2,"202.24000"
11008,"ERNSH",7,"2015-04-08","2015-05-06",NULL,3,"79.46000"
11009,"GODOS",2,"2015-04-08","2015-05-06","2015-04-10",1,"59.11000"
11010,"REGGC",2,"2015-04-09","2015-05-07","2015-04-21",2,"28.71000"
11011,"ALFKI",3,"2015-04-09","2015-05-07","2015-04-13",1,"1.21000"
11012,"FRANK",1,"2015-04-09","2015-04-23","2015-04-17",3,"242.95000"
11013,"ROMEY",2,"2015-04-09","2015-05-07","2015-04-10",1,"32.99000"
11014,"LINOD",2,"2015-04-10","2015-05-08","2015-04-15",3,"23.60000"
11015,"SANTG",2,"2015-04-10","2015-04-24","2015-04-20",2,"4.62000"
11016,"AROUT",9,"2015-04-10","2015-05-08","2015-04-13",2,"33.80000"
11017,"ERNSH",9,"2015-04-13","2015-05-11","2015-04-20",2,"754.26000"
11018,"LONEP",4,"2015-04-13","2015-05-11","2015-04-16",2,"11.65000"
11019,"RANCH",6,"2015-04-13","2015-05-11",NULL,3,"3.17000"
11020,"OTTIK",2,"2015-04-14","2015-05-12","2015-04-16",2,"43.30000"
11021,"QUICK",3,"2015-04-14","2015-05-12","2015-04-21",1,"297.18000"
11022,"HANAR",9,"2015-04-14","2015-05-12","2015-05-04",2,"6.27000"
11023,"BSBEV",1,"2015-04-14","2015-04-28","2015-04-24",2,"123.83000"
11024,"EASTC",4,"2015-04-15","2015-05-13","2015-04-20",1,"74.36000"
11025,"WARTH",6,"2015-04-15","2015-05-13","2015-04-24",3,"29.17000"
11026,"FRANS",4,"2015-04-15","2015-05-13","2015-04-28",1,"47.09000"
11027,"BOTTM",1,"2015-04-16","2015-05-14","2015-04-20",1,"52.52000"
11028,"KOENE",2,"2015-04-16","2015-05-14","2015-04-22",1,"29.59000"
11029,"CHOPS",4,"2015-04-16","2015-05-14","2015-04-27",1,"47.84000"
11030,"SAVEA",7,"2015-04-17","2015-05-15","2015-04-27",2,"830.75000"
11031,"SAVEA",6,"2015-04-17","2015-05-15","2015-04-24",2,"227.22000"
11032,"WHITC",2,"2015-04-17","2015-05-15","2015-04-23",3,"606.19000"
11033,"RICSU",7,"2015-04-17","2015-05-15","2015-04-23",3,"84.74000"
11034,"OLDWO",8,"2015-04-20","2015-06-01","2015-04-27",1,"40.32000"
11035,"SUPRD",2,"2015-04-20","2015-05-18","2015-04-24",2,"0.17000"
11036,"DRACD",8,"2015-04-20","2015-05-18","2015-04-22",3,"149.47000"
11037,"GODOS",7,"2015-04-21","2015-05-19","2015-04-27",1,"3.20000"
11038,"SUPRD",1,"2015-04-21","2015-05-19","2015-04-30",2,"29.59000"
11039,"LINOD",1,"2015-04-21","2015-05-19",NULL,2,"65.00000"
11040,"GREAL",4,"2015-04-22","2015-05-20",NULL,3,"18.84000"
11041,"CHOPS",3,"2015-04-22","2015-05-20","2015-04-28",2,"48.22000"
11042,"COMMI",2,"2015-04-22","2015-05-06","2015-05-01",1,"29.99000"
11043,"SPECD",5,"2015-04-22","2015-05-20","2015-04-29",2,"8.80000"
11044,"WOLZA",4,"2015-04-23","2015-05-21","2015-05-01",1,"8.72000"
11045,"BOTTM",6,"2015-04-23","2015-05-21",NULL,2,"70.58000"
11046,"WANDK",8,"2015-04-23","2015-05-21","2015-04-24",2,"71.64000"
11047,"EASTC",7,"2015-04-24","2015-05-22","2015-05-01",3,"46.62000"
11048,"BOTTM",7,"2015-04-24","2015-05-22","2015-04-30",3,"24.12000"
11049,"GOURL",3,"2015-04-24","2015-05-22","2015-05-04",1,"8.34000"
11050,"FOLKO",8,"2015-04-27","2015-05-25","2015-05-05",2,"59.41000"
11051,"LAMAI",7,"2015-04-27","2015-05-25",NULL,3,"2.79000"
11052,"HANAR",3,"2015-04-27","2015-05-25","2015-05-01",1,"67.26000"
11053,"PICCO",2,"2015-04-27","2015-05-25","2015-04-29",2,"53.05000"
11054,"CACTU",8,"2015-04-28","2015-05-26",NULL,1,"0.33000"
11055,"HILAA",7,"2015-04-28","2015-05-26","2015-05-05",2,"120.92000"
11056,"EASTC",8,"2015-04-28","2015-05-12","2015-05-01",2,"278.96000"
11057,"NORTS",3,"2015-04-29","2015-05-27","2015-05-01",3,"4.13000"
11058,"BLAUS",9,"2015-04-29","2015-05-27",NULL,3,"31.14000"
11059,"RICAR",2,"2015-04-29","2015-06-10",NULL,2,"85.80000"
11060,"FRANS",2,"2015-04-30","2015-05-28","2015-05-04",2,"10.98000"
11061,"GREAL",4,"2015-04-30","2015-06-11",NULL,3,"14.01000"
11062,"REGGC",4,"2015-04-30","2015-05-28",NULL,2,"29.93000"
11063,"HUNGO",3,"2015-04-30","2015-05-28","2015-05-06",2,"81.73000"
11064,"SAVEA",1,"2015-05-01","2015-05-29","2015-05-04",1,"30.09000"
11065,"LILAS",8,"2015-05-01","2015-05-29",NULL,1,"12.91000"
11066,"WHITC",7,"2015-05-01","2015-05-29","2015-05-04",2,"44.72000"
11067,"DRACD",1,"2015-05-04","2015-05-18","2015-05-06",2,"7.98000"
11068,"QUEEN",8,"2015-05-04","2015-06-01",NULL,2,"81.75000"
11069,"TORTU",1,"2015-05-04","2015-06-01","2015-05-06",2,"15.67000"
11070,"LEHMS",2,"2015-05-05","2015-06-02",NULL,1,"136.00000"
11071,"LILAS",1,"2015-05-05","2015-06-02",NULL,1,"0.93000"
11072,"ERNSH",4,"2015-05-05","2015-06-02",NULL,2,"258.64000"
11073,"PERIC",2,"2015-05-05","2015-06-02",NULL,2,"24.95000"
11074,"SIMOB",7,"2015-05-06","2015-06-03",NULL,2,"18.44000"
11075,"RICSU",8,"2015-05-06","2015-06-03",NULL,2,"6.19000"
11076,"BONAP",4,"2015-05-06","2015-06-03",NULL,2,"38.28000"
11077,"RATTC",1,"2015-05-06","2015-06-03",NULL,2,"8.53000"
